{"hidden_size": 16, "lstm_layers": 2, "dropout": 0.05395265011281983, "bce_weight": 0.031263681519702075, "lr": 0.00011336997315787583, "seq_len": 20}