{"hidden_size": 32, "lstm_layers": 3, "dropout": 0.1344179335049832, "bce_weight": 0.057977397066494595, "lr": 0.009366018569282921, "seq_len": 20}