{"hidden_size": 64, "lstm_layers": 3, "dropout": 0.2392773413531374, "bce_weight": 0.07179497095456863, "lr": 0.0020880543431581315, "seq_len": 20}