{"hidden_size": 32, "lstm_layers": 1, "dropout": 0.3079044868954655, "bce_weight": 0.09352399941322044, "lr": 0.0009141690457702156, "seq_len": 20}