{"hidden_size": 64, "lstm_layers": 1, "dropout": 0.22561950014082274, "bce_weight": 0.016822428140873168, "lr": 0.0001762262362837598, "seq_len": 20}