{"hidden_size": 64, "lstm_layers": 3, "dropout": 0.051980896990709236, "bce_weight": 0.0154902392851318, "lr": 0.004751643367483189, "seq_len": 20}