{"hidden_size": 64, "lstm_layers": 1, "dropout": 0.4442759483672731, "bce_weight": 0.025479748865409817, "lr": 0.004700266802494633, "seq_len": 20}