{"hidden_size": 64, "lstm_layers": 2, "dropout": 0.12990429841271964, "bce_weight": 0.0333548466859441, "lr": 0.0006098871717916815, "seq_len": 20}