{"hidden_size": 64, "lstm_layers": 3, "dropout": 0.24041102625977565, "bce_weight": 0.03125274480147884, "lr": 0.0017234829574702157, "seq_len": 20}