{"hidden_size": 32, "lstm_layers": 2, "dropout": 0.16917425760884386, "bce_weight": 0.05302779651255278, "lr": 0.0008378644634808912, "seq_len": 20}