{"hidden_size": 16, "lstm_layers": 1, "dropout": 0.06819116515833468, "bce_weight": 0.02744189436819641, "lr": 0.0006609783660335188, "seq_len": 20}