{"hidden_size": 128, "lstm_layers": 2, "dropout": 0.17343187026301934, "bce_weight": 0.08812236258654046, "lr": 0.0015468774389432887, "seq_len": 20}