{"hidden_size": 16, "lstm_layers": 1, "dropout": 0.03308660472359604, "bce_weight": 0.030068495353281828, "lr": 0.0038415210868389203, "seq_len": 20}