{"hidden_size": 128, "lstm_layers": 2, "dropout": 0.2970872025427433, "bce_weight": 0.05233013529012102, "lr": 0.0027473589543459626, "seq_len": 20}