{"hidden_size": 32, "lstm_layers": 3, "dropout": 0.41576229986931196, "bce_weight": 0.05003497208623869, "lr": 0.009884049066906635, "seq_len": 20}