{"hidden_size": 32, "lstm_layers": 2, "dropout": 0.02816122112216207, "bce_weight": 0.025830830471096813, "lr": 0.0006883342606817195, "seq_len": 20}