{"hidden_size": 128, "lstm_layers": 2, "dropout": 0.2755727946569684, "bce_weight": 0.09074826783019037, "lr": 0.006184760343820351, "seq_len": 20}