{"hidden_size": 32, "lstm_layers": 1, "dropout": 0.19416411230143266, "bce_weight": 0.043956706929934294, "lr": 0.0016670169086811086, "seq_len": 20}