{"hidden_size": 128, "lstm_layers": 3, "dropout": 0.2646720728972161, "bce_weight": 0.011133882825133161, "lr": 0.0002102789321733076, "seq_len": 20}