{"hidden_size": 32, "lstm_layers": 2, "dropout": 0.07962578493888826, "bce_weight": 0.05817609515389396, "lr": 0.0010748884219673558, "seq_len": 20}